Company,Industry,Symbol,Series
3M India Ltd.,CONSUMER GOODS,3MINDIA,EQ
ABB India Ltd.,INDUSTRIAL MANUFACTURING,ABB,EQ
ABB Power Products and Systems India Ltd.,INDUSTRIAL MANUFACTURING,POWERINDIA,EQ
ACC Ltd.,CEMENT & CEMENT PRODUCTS,ACC,EQ
AIA Engineering Ltd.,INDUSTRIAL MANUFACTURING,AIAENG,EQ
APL Apollo Tubes Ltd.,METALS,APLAPOLLO,EQ
AU Small Finance Bank Ltd.,FINANCIAL SERVICES,AUBANK,EQ
Aarti Drugs Ltd.,PHARMA,AARTIDRUGS,EQ
Aarti Industries Ltd.,CHEMICALS,AARTIIND,EQ
Aavas Financiers Ltd.,FINANCIAL SERVICES,AAVAS,EQ
Abbott India Ltd.,PHARMA,ABBOTINDIA,EQ
Adani Enterprises Ltd.,METALS,ADANIENT,EQ
Adani Green Energy Ltd.,POWER,ADANIGREEN,BE
Adani Ports and Special Economic Zone Ltd.,SERVICES,ADANIPORTS,EQ
Adani Total Gas Ltd.,OIL & GAS,ATGL,BE
Adani Transmission Ltd.,POWER,ADANITRANS,BE
Aditya Birla Capital Ltd.,FINANCIAL SERVICES,ABCAPITAL,EQ
Aditya Birla Fashion and Retail Ltd.,CONSUMER SERVICES,ABFRL,EQ
Advanced Enzyme Tech Ltd.,CONSUMER GOODS,ADVENZYMES,EQ
Aegis Logistics Ltd.,SERVICES,AEGISCHEM,EQ
Affle (India) Ltd.,IT,AFFLE,BE
Ajanta Pharmaceuticals Ltd.,PHARMA,AJANTPHARM,EQ
Akzo Nobel India Ltd.,CONSUMER GOODS,AKZOINDIA,EQ
Alembic Ltd.,PHARMA,ALEMBICLTD,EQ
Alembic Pharmaceuticals Ltd.,PHARMA,APLLTD,EQ
Alkem Laboratories Ltd.,PHARMA,ALKEM,EQ
Alkyl Amines Chemicals Ltd.,CHEMICALS,ALKYLAMINE,EQ
Alok Industries Ltd.,TEXTILES,ALOKINDS,EQ
Amara Raja Batteries Ltd.,AUTOMOBILE,AMARAJABAT,EQ
Amber Enterprises India Ltd.,CONSUMER GOODS,AMBER,EQ
Ambuja Cements Ltd.,CEMENT & CEMENT PRODUCTS,AMBUJACEM,EQ
Angel Broking Ltd.,FINANCIAL SERVICES,ANGELBRKG,EQ
Apollo Hospitals Enterprise Ltd.,HEALTHCARE SERVICES,APOLLOHOSP,EQ
Apollo Tyres Ltd.,AUTOMOBILE,APOLLOTYRE,EQ
Asahi India Glass Ltd.,AUTOMOBILE,ASAHIINDIA,EQ
Ashok Leyland Ltd.,AUTOMOBILE,ASHOKLEY,EQ
Ashoka Buildcon Ltd.,CONSTRUCTION,ASHOKA,EQ
Asian Paints Ltd.,CONSUMER GOODS,ASIANPAINT,EQ
Aster DM Healthcare Ltd.,HEALTHCARE SERVICES,ASTERDM,EQ
AstraZenca Pharma India Ltd.,PHARMA,ASTRAZEN,EQ
Astral Ltd.,INDUSTRIAL MANUFACTURING,ASTRAL,EQ
Atul Ltd.,CHEMICALS,ATUL,EQ
Aurobindo Pharma Ltd.,PHARMA,AUROPHARMA,EQ
Avanti Feeds Ltd.,CONSUMER GOODS,AVANTIFEED,EQ
Avenue Supermarts Ltd.,CONSUMER SERVICES,DMART,EQ
Axis Bank Ltd.,FINANCIAL SERVICES,AXISBANK,EQ
BASF India Ltd.,CHEMICALS,BASF,EQ
BEML Ltd.,INDUSTRIAL MANUFACTURING,BEML,EQ
BSE Ltd.,FINANCIAL SERVICES,BSE,EQ
Bajaj Auto Ltd.,AUTOMOBILE,BAJAJ-AUTO,EQ
Bajaj Consumer Care Ltd.,CONSUMER GOODS,BAJAJCON,EQ
Bajaj Electricals Ltd,CONSUMER GOODS,BAJAJELEC,EQ
Bajaj Finance Ltd.,FINANCIAL SERVICES,BAJFINANCE,EQ
Bajaj Finserv Ltd.,FINANCIAL SERVICES,BAJAJFINSV,EQ
Bajaj Holdings & Investment Ltd.,FINANCIAL SERVICES,BAJAJHLDNG,EQ
Balaji Amines Ltd.,CHEMICALS,BALAMINES,EQ
Balkrishna Industries Ltd.,AUTOMOBILE,BALKRISIND,EQ
Balmer Lawrie & Co. Ltd.,INDUSTRIAL MANUFACTURING,BALMLAWRIE,EQ
Balrampur Chini Mills Ltd.,CONSUMER GOODS,BALRAMCHIN,EQ
Bandhan Bank Ltd.,FINANCIAL SERVICES,BANDHANBNK,EQ
Bank of Baroda,FINANCIAL SERVICES,BANKBARODA,EQ
Bank of India,FINANCIAL SERVICES,BANKINDIA,EQ
Bank of Maharashtra.,FINANCIAL SERVICES,MAHABANK,EQ
Bata India Ltd.,CONSUMER GOODS,BATAINDIA,EQ
Bayer Cropscience Ltd.,FERTILISERS & PESTICIDES,BAYERCROP,EQ
Berger Paints India Ltd.,CONSUMER GOODS,BERGEPAINT,EQ
Bharat Dynamics Ltd.,INDUSTRIAL MANUFACTURING,BDL,EQ
Bharat Electronics Ltd.,INDUSTRIAL MANUFACTURING,BEL,EQ
Bharat Forge Ltd.,INDUSTRIAL MANUFACTURING,BHARATFORG,EQ
Bharat Heavy Electricals Ltd.,INDUSTRIAL MANUFACTURING,BHEL,EQ
Bharat Petroleum Corporation Ltd.,OIL & GAS,BPCL,EQ
Bharat Rasayan Ltd.,FERTILISERS & PESTICIDES,BHARATRAS,EQ
Bharti Airtel Ltd.,TELECOM,BHARTIARTL,EQ
Biocon Ltd.,PHARMA,BIOCON,EQ
Birla Corporation Ltd.,CEMENT & CEMENT PRODUCTS,BIRLACORPN,EQ
Birlasoft Ltd.,IT,BSOFT,EQ
Bliss GVS Pharma Ltd.,PHARMA,BLISSGVS,EQ
Blue Dart Express Ltd.,SERVICES,BLUEDART,EQ
Blue Star Ltd.,CONSUMER GOODS,BLUESTARCO,EQ
Bombay Burmah Trading Corporation Ltd.,CONSUMER GOODS,BBTC,EQ
Bosch Ltd.,AUTOMOBILE,BOSCHLTD,EQ
Brigade Enterprises Ltd.,CONSTRUCTION,BRIGADE,EQ
Britannia Industries Ltd.,CONSUMER GOODS,BRITANNIA,EQ
Burger King India Ltd.,CONSUMER SERVICES,BURGERKING,EQ
CCL Products (I) Ltd.,CONSUMER GOODS,CCL,EQ
CESC Ltd.,POWER,CESC,EQ
CRISIL Ltd.,FINANCIAL SERVICES,CRISIL,EQ
CSB Bank Ltd.,FINANCIAL SERVICES,CSBBANK,EQ
Cadila Healthcare Ltd.,PHARMA,CADILAHC,EQ
Can Fin Homes Ltd.,FINANCIAL SERVICES,CANFINHOME,EQ
Canara Bank,FINANCIAL SERVICES,CANBK,EQ
Caplin Point Laboratories Ltd.,PHARMA,CAPLIPOINT,EQ
Capri Global Capital Ltd.,FINANCIAL SERVICES,CGCL,EQ
Carborundum Universal Ltd.,INDUSTRIAL MANUFACTURING,CARBORUNIV,EQ
Castrol India Ltd.,OIL & GAS,CASTROLIND,EQ
Ceat Ltd.,AUTOMOBILE,CEATLTD,EQ
Central Bank of India,FINANCIAL SERVICES,CENTRALBK,EQ
Central Depository Services (India) Ltd.,FINANCIAL SERVICES,CDSL,BE
Century Plyboards (India) Ltd.,CONSUMER GOODS,CENTURYPLY,EQ
Century Textile & Industries Ltd.,PAPER AND JUTE,CENTURYTEX,EQ
Cera Sanitaryware Ltd,CONSUMER GOODS,CERA,EQ
Chalet Hotels Ltd.,CONSUMER SERVICES,CHALET,EQ
Chambal Fertilizers & Chemicals Ltd.,FERTILISERS & PESTICIDES,CHAMBLFERT,EQ
Cholamandalam Financial Holdings Ltd.,FINANCIAL SERVICES,CHOLAHLDNG,EQ
Cholamandalam Investment and Finance Company Ltd.,FINANCIAL SERVICES,CHOLAFIN,EQ
Cipla Ltd.,PHARMA,CIPLA,EQ
City Union Bank Ltd.,FINANCIAL SERVICES,CUB,EQ
Coal India Ltd.,METALS,COALINDIA,EQ
Cochin Shipyard Ltd.,INDUSTRIAL MANUFACTURING,COCHINSHIP,EQ
Coforge Ltd.,IT,COFORGE,EQ
Colgate Palmolive (India) Ltd.,CONSUMER GOODS,COLPAL,EQ
Computer Age Management Services Ltd.,FINANCIAL SERVICES,CAMS,EQ
Container Corporation of India Ltd.,SERVICES,CONCOR,EQ
Coromandel International Ltd.,FERTILISERS & PESTICIDES,COROMANDEL,EQ
CreditAccess Grameen Ltd.,FINANCIAL SERVICES,CREDITACC,EQ
Crompton Greaves Consumer Electricals Ltd.,CONSUMER GOODS,CROMPTON,EQ
Cummins India Ltd.,INDUSTRIAL MANUFACTURING,CUMMINSIND,EQ
Cyient Ltd.,IT,CYIENT,EQ
DCB Bank Ltd.,FINANCIAL SERVICES,DCBBANK,EQ
DCM Shriram Ltd.,CONSUMER GOODS,DCMSHRIRAM,EQ
DLF Ltd.,CONSTRUCTION,DLF,EQ
Dabur India Ltd.,CONSUMER GOODS,DABUR,EQ
Dalmia Bharat Ltd.,CEMENT & CEMENT PRODUCTS,DALBHARAT,EQ
Deepak Nitrite Ltd.,CHEMICALS,DEEPAKNTR,EQ
Delta Corp Ltd.,CONSUMER SERVICES,DELTACORP,EQ
Dhani Services Ltd.,FINANCIAL SERVICES,DHANI,EQ
Dhanuka Agritech Ltd.,FERTILISERS & PESTICIDES,DHANUKA,EQ
Dilip Buildcon Ltd.,CONSTRUCTION,DBL,EQ
Dish TV India Ltd.,MEDIA ENTERTAINMENT & PUBLICATION,DISHTV,EQ
Dishman Carbogen Amcis Ltd.,PHARMA,DCAL,EQ
Divi's Laboratories Ltd.,PHARMA,DIVISLAB,EQ
Dixon Technologies (India) Ltd.,CONSUMER GOODS,DIXON,EQ
Dr. Lal Path Labs Ltd.,HEALTHCARE SERVICES,LALPATHLAB,EQ
Dr. Reddy's Laboratories Ltd.,PHARMA,DRREDDY,EQ
E.I.D. Parry (India) Ltd.,CONSUMER GOODS,EIDPARRY,EQ
EIH Ltd.,CONSUMER SERVICES,EIHOTEL,EQ
EPL Ltd.,INDUSTRIAL MANUFACTURING,EPL,EQ
Edelweiss Financial Services Ltd.,FINANCIAL SERVICES,EDELWEISS,EQ
Eicher Motors Ltd.,AUTOMOBILE,EICHERMOT,EQ
Elgi Equipments Ltd.,INDUSTRIAL MANUFACTURING,ELGIEQUIP,EQ
Emami Ltd.,CONSUMER GOODS,EMAMILTD,EQ
Endurance Technologies Ltd.,AUTOMOBILE,ENDURANCE,EQ
Engineers India Ltd.,CONSTRUCTION,ENGINERSIN,EQ
Equitas Holdings Ltd.,FINANCIAL SERVICES,EQUITAS,EQ
Eris Lifesciences Ltd.,PHARMA,ERIS,EQ
Escorts Ltd.,AUTOMOBILE,ESCORTS,EQ
Exide Industries Ltd.,AUTOMOBILE,EXIDEIND,EQ
FDC Ltd.,PHARMA,FDC,EQ
Federal Bank Ltd.,FINANCIAL SERVICES,FEDERALBNK,EQ
Fine Organic Industries Ltd.,CHEMICALS,FINEORG,EQ
Finolex Cables Ltd.,INDUSTRIAL MANUFACTURING,FINCABLES,EQ
Finolex Industries Ltd.,INDUSTRIAL MANUFACTURING,FINPIPE,EQ
Firstsource Solutions Ltd.,IT,FSL,EQ
Fortis Healthcare Ltd.,HEALTHCARE SERVICES,FORTIS,EQ
Future Consumer Ltd.,CONSUMER SERVICES,FCONSUMER,EQ
Future Retail Ltd.,CONSUMER SERVICES,FRETAIL,EQ
GAIL (India) Ltd.,OIL & GAS,GAIL,EQ
GE Power India Ltd.,INDUSTRIAL MANUFACTURING,GEPIL,EQ
GMM Pfaudler Ltd.,INDUSTRIAL MANUFACTURING,GMMPFAUDLR,EQ
GMR Infrastructure Ltd.,CONSTRUCTION,GMRINFRA,EQ
Galaxy Surfactants Ltd.,CHEMICALS,GALAXYSURF,EQ
Garden Reach Shipbuilders & Engineers Ltd.,INDUSTRIAL MANUFACTURING,GRSE,EQ
Garware Technical Fibres Ltd.,TEXTILES,GARFIBRES,EQ
General Insurance Corporation of India,FINANCIAL SERVICES,GICRE,EQ
Gillette India Ltd.,CONSUMER GOODS,GILLETTE,EQ
Gland Pharma Ltd.,PHARMA,GLAND,EQ
Glaxosmithkline Pharmaceuticals Ltd.,PHARMA,GLAXO,EQ
Glenmark Pharmaceuticals Ltd.,PHARMA,GLENMARK,EQ
Godfrey Phillips India Ltd.,CONSUMER GOODS,GODFRYPHLP,EQ
Godrej Agrovet Ltd.,CONSUMER GOODS,GODREJAGRO,EQ
Godrej Consumer Products Ltd.,CONSUMER GOODS,GODREJCP,EQ
Godrej Industries Ltd.,CONSUMER GOODS,GODREJIND,EQ
Godrej Properties Ltd.,CONSTRUCTION,GODREJPROP,EQ
Granules India Ltd.,PHARMA,GRANULES,EQ
Graphite India Ltd.,INDUSTRIAL MANUFACTURING,GRAPHITE,EQ
Grasim Industries Ltd.,CEMENT & CEMENT PRODUCTS,GRASIM,EQ
Great Eastern Shipping Co. Ltd.,SERVICES,GESHIP,EQ
Greaves Cotton Ltd.,INDUSTRIAL MANUFACTURING,GREAVESCOT,EQ
Grindwell Norton Ltd.,INDUSTRIAL MANUFACTURING,GRINDWELL,EQ
Gujarat Alkalies & Chemicals Ltd.,CHEMICALS,GUJALKALI,EQ
Gujarat Ambuja Exports Ltd.,CONSUMER GOODS,GAEL,EQ
Gujarat Fluorochemicals Ltd.,CHEMICALS,FLUOROCHEM,EQ
Gujarat Gas Ltd.,OIL & GAS,GUJGASLTD,EQ
Gujarat Narmada Valley Fertilizers and Chemicals Ltd.,CHEMICALS,GNFC,EQ
Gujarat Pipavav Port Ltd.,SERVICES,GPPL,EQ
Gujarat State Fertilizers & Chemicals Ltd.,FERTILISERS & PESTICIDES,GSFC,EQ
Gujarat State Petronet Ltd.,OIL & GAS,GSPL,EQ
Gulf Oil Lubricants India Ltd.,OIL & GAS,GULFOILLUB,EQ
H.E.G. Ltd.,INDUSTRIAL MANUFACTURING,HEG,EQ
HCL Technologies Ltd.,IT,HCLTECH,EQ
HDFC Asset Management Company Ltd.,FINANCIAL SERVICES,HDFCAMC,EQ
HDFC Bank Ltd.,FINANCIAL SERVICES,HDFCBANK,EQ
HDFC Life Insurance Company Ltd.,FINANCIAL SERVICES,HDFCLIFE,EQ
HFCL Ltd.,TELECOM,HFCL,BE
Happiest Minds Technologies Ltd.,IT,HAPPSTMNDS,EQ
Hatsun Agro Product Ltd.,CONSUMER GOODS,HATSUN,EQ
Havells India Ltd.,CONSUMER GOODS,HAVELLS,EQ
HeidelbergCement India Ltd.,CEMENT & CEMENT PRODUCTS,HEIDELBERG,EQ
Hemisphere Properties India Ltd.,CONSTRUCTION,HEMIPROP,EQ
Hero MotoCorp Ltd.,AUTOMOBILE,HEROMOTOCO,EQ
Himadri Speciality Chemical Ltd.,CHEMICALS,HSCL,EQ
Hindalco Industries Ltd.,METALS,HINDALCO,EQ
Hindustan Aeronautics Ltd.,INDUSTRIAL MANUFACTURING,HAL,EQ
Hindustan Copper Ltd.,METALS,HINDCOPPER,EQ
Hindustan Petroleum Corporation Ltd.,OIL & GAS,HINDPETRO,EQ
Hindustan Unilever Ltd.,CONSUMER GOODS,HINDUNILVR,EQ
Hindustan Zinc Ltd.,METALS,HINDZINC,EQ
Honeywell Automation India Ltd.,INDUSTRIAL MANUFACTURING,HONAUT,EQ
Housing & Urban Development Corporation Ltd.,FINANCIAL SERVICES,HUDCO,EQ
Housing Development Finance Corporation Ltd.,FINANCIAL SERVICES,HDFC,EQ
Huhtamaki India Ltd.,INDUSTRIAL MANUFACTURING,HUHTAMAKI,EQ
ICICI Bank Ltd.,FINANCIAL SERVICES,ICICIBANK,EQ
ICICI Lombard General Insurance Company Ltd.,FINANCIAL SERVICES,ICICIGI,EQ
ICICI Prudential Life Insurance Company Ltd.,FINANCIAL SERVICES,ICICIPRULI,EQ
ICICI Securities Ltd.,FINANCIAL SERVICES,ISEC,EQ
IDBI Bank Ltd.,FINANCIAL SERVICES,IDBI,EQ
IDFC First Bank Ltd.,FINANCIAL SERVICES,IDFCFIRSTB,EQ
IDFC Ltd.,FINANCIAL SERVICES,IDFC,EQ
IFB Industries Ltd.,CONSUMER GOODS,IFBIND,EQ
IIFL Finance Ltd.,FINANCIAL SERVICES,IIFL,BE
IIFL Wealth Management Ltd.,FINANCIAL SERVICES,IIFLWAM,EQ
IOL Chem and Pharma Ltd.,PHARMA,IOLCP,EQ
IRB Infrastructure Developers Ltd.,CONSTRUCTION,IRB,EQ
IRCON International Ltd.,CONSTRUCTION,IRCON,EQ
ITC Ltd.,CONSUMER GOODS,ITC,EQ
ITI Ltd.,TELECOM,ITI,EQ
India Cements Ltd.,CEMENT & CEMENT PRODUCTS,INDIACEM,EQ
Indiabulls Housing Finance Ltd.,FINANCIAL SERVICES,IBULHSGFIN,EQ
Indiabulls Real Estate Ltd.,CONSTRUCTION,IBREALEST,EQ
Indiamart Intermesh Ltd.,CONSUMER SERVICES,INDIAMART,EQ
Indian Bank,FINANCIAL SERVICES,INDIANB,EQ
Indian Energy Exchange Ltd.,FINANCIAL SERVICES,IEX,EQ
Indian Hotels Co. Ltd.,CONSUMER SERVICES,INDHOTEL,EQ
Indian Oil Corporation Ltd.,OIL & GAS,IOC,EQ
Indian Overseas Bank,FINANCIAL SERVICES,IOB,EQ
Indian Railway Catering And Tourism Corporation Ltd.,SERVICES,IRCTC,EQ
Indo Count Industries Ltd.,TEXTILES,ICIL,EQ
Indoco Remedies Ltd.,PHARMA,INDOCO,EQ
Indraprastha Gas Ltd.,OIL & GAS,IGL,EQ
Indus Towers Ltd.,TELECOM,INDUSTOWER,EQ
IndusInd Bank Ltd.,FINANCIAL SERVICES,INDUSINDBK,EQ
Infibeam Avenues Ltd.,IT,INFIBEAM,EQ
Info Edge (India) Ltd.,CONSUMER SERVICES,NAUKRI,EQ
Infosys Ltd.,IT,INFY,EQ
Ingersoll Rand (India) Ltd.,INDUSTRIAL MANUFACTURING,INGERRAND,EQ
Inox Leisure Ltd.,MEDIA ENTERTAINMENT & PUBLICATION,INOXLEISUR,EQ
Intellect Design Arena Ltd.,IT,INTELLECT,EQ
InterGlobe Aviation Ltd.,SERVICES,INDIGO,EQ
Ipca Laboratories Ltd.,PHARMA,IPCALAB,EQ
J.B. Chemicals & Pharmaceuticals Ltd.,PHARMA,JBCHEPHARM,EQ
J.K. Cement Ltd.,CEMENT & CEMENT PRODUCTS,JKCEMENT,EQ
JK Lakshmi Cement Ltd.,CEMENT & CEMENT PRODUCTS,JKLAKSHMI,EQ
JK Paper Ltd.,PAPER AND JUTE,JKPAPER,EQ
JK Tyre & Industries Ltd.,AUTOMOBILE,JKTYRE,EQ
JM Financial Ltd.,FINANCIAL SERVICES,JMFINANCIL,EQ
JSW Energy Ltd.,POWER,JSWENERGY,BE
JSW Steel Ltd.,METALS,JSWSTEEL,EQ
JTEKT India Ltd.,AUTOMOBILE,JTEKTINDIA,EQ
Jamna Auto Industries Ltd.,AUTOMOBILE,JAMNAAUTO,EQ
Jindal Saw Ltd.,METALS,JINDALSAW,EQ
Jindal Stainless (Hisar) Ltd.,METALS,JSLHISAR,EQ
Jindal Stainless Ltd.,METALS,JSL,EQ
Jindal Steel & Power Ltd.,METALS,JINDALSTEL,EQ
Johnson Controls - Hitachi Air Conditioning India Ltd.,CONSUMER GOODS,JCHAC,EQ
Jubilant Foodworks Ltd.,CONSUMER SERVICES,JUBLFOOD,EQ
Justdial Ltd.,CONSUMER SERVICES,JUSTDIAL,EQ
Jyothy Labs Ltd.,CONSUMER GOODS,JYOTHYLAB,EQ
K.P.R. Mill Ltd.,TEXTILES,KPRMILL,EQ
KEI Industries Ltd.,INDUSTRIAL MANUFACTURING,KEI,EQ
KNR Constructions Ltd.,CONSTRUCTION,KNRCON,EQ
KPIT Technologies Ltd.,IT,KPITTECH,EQ
KRBL Ltd.,CONSUMER GOODS,KRBL,EQ
KSB Ltd.,INDUSTRIAL MANUFACTURING,KSB,EQ
Kajaria Ceramics Ltd.,CONSUMER GOODS,KAJARIACER,EQ
Kalpataru Power Transmission Ltd.,POWER,KALPATPOWR,EQ
Kansai Nerolac Paints Ltd.,CONSUMER GOODS,KANSAINER,EQ
Karur Vysya Bank Ltd.,FINANCIAL SERVICES,KARURVYSYA,EQ
Kaveri Seed Company Ltd.,CONSUMER GOODS,KSCL,EQ
Kec International Ltd.,POWER,KEC,EQ
Kotak Mahindra Bank Ltd.,FINANCIAL SERVICES,KOTAKBANK,EQ
L&T Finance Holdings Ltd.,FINANCIAL SERVICES,L&TFH,EQ
L&T Technology Services Ltd.,IT,LTTS,EQ
LIC Housing Finance Ltd.,FINANCIAL SERVICES,LICHSGFIN,EQ
La Opala RG Ltd.,CONSUMER GOODS,LAOPALA,EQ
Lakshmi Machine Works Ltd.,INDUSTRIAL MANUFACTURING,LAXMIMACH,EQ
Larsen & Toubro Infotech Ltd.,IT,LTI,EQ
Larsen & Toubro Ltd.,CONSTRUCTION,LT,EQ
Laurus Labs Ltd.,PHARMA,LAURUSLABS,EQ
Lemon Tree Hotels Ltd.,CONSUMER SERVICES,LEMONTREE,EQ
Linde India Ltd.,CHEMICALS,LINDEINDIA,EQ
Lupin Ltd.,PHARMA,LUPIN,EQ
Lux Industries Ltd.,TEXTILES,LUXIND,EQ
MAS Financial Services Ltd.,FINANCIAL SERVICES,MASFIN,EQ
MMTC Ltd.,SERVICES,MMTC,EQ
MOIL Ltd.,METALS,MOIL,EQ
MRF Ltd.,AUTOMOBILE,MRF,EQ
Mahanagar Gas Ltd.,OIL & GAS,MGL,EQ
Maharashtra Scooters Ltd.,FINANCIAL SERVICES,MAHSCOOTER,EQ
Maharashtra Seamless Ltd.,METALS,MAHSEAMLES,EQ
Mahindra & Mahindra Financial Services Ltd.,FINANCIAL SERVICES,M&MFIN,EQ
Mahindra & Mahindra Ltd.,AUTOMOBILE,M&M,EQ
Mahindra CIE Automotive Ltd.,INDUSTRIAL MANUFACTURING,MAHINDCIE,EQ
Mahindra Holidays & Resorts India Ltd.,CONSUMER SERVICES,MHRIL,EQ
Mahindra Logistics Ltd.,SERVICES,MAHLOG,EQ
Manappuram Finance Ltd.,FINANCIAL SERVICES,MANAPPURAM,EQ
Mangalore Refinery & Petrochemicals Ltd.,OIL & GAS,MRPL,EQ
Marico Ltd.,CONSUMER GOODS,MARICO,EQ
Maruti Suzuki India Ltd.,AUTOMOBILE,MARUTI,EQ
Max Financial Services Ltd.,FINANCIAL SERVICES,MFSL,EQ
Max Healthcare Institute Ltd.,HEALTHCARE SERVICES,MAXHEALTH,EQ
Mazagoan Dock Shipbuilders Ltd.,INDUSTRIAL MANUFACTURING,MAZDOCK,EQ
Metropolis Healthcare Ltd.,HEALTHCARE SERVICES,METROPOLIS,EQ
MindTree Ltd.,IT,MINDTREE,EQ
Minda Corporation Ltd.,AUTOMOBILE,MINDACORP,EQ
Minda Industries Ltd.,AUTOMOBILE,MINDAIND,EQ
Mishra Dhatu Nigam Ltd.,METALS,MIDHANI,EQ
Motilal Oswal Financial Services Ltd.,FINANCIAL SERVICES,MOTILALOFS,EQ
MphasiS Ltd.,IT,MPHASIS,EQ
Multi Commodity Exchange of India Ltd.,FINANCIAL SERVICES,MCX,EQ
Muthoot Finance Ltd.,FINANCIAL SERVICES,MUTHOOTFIN,EQ
NATCO Pharma Ltd.,PHARMA,NATCOPHARM,EQ
NBCC (India) Ltd.,CONSTRUCTION,NBCC,EQ
NCC Ltd.,CONSTRUCTION,NCC,EQ
NESCO Ltd.,SERVICES,NESCO,EQ
NHPC Ltd.,POWER,NHPC,EQ
NLC India Ltd.,POWER,NLCINDIA,EQ
NMDC Ltd.,METALS,NMDC,EQ
NOCIL Ltd.,CHEMICALS,NOCIL,EQ
NTPC Ltd.,POWER,NTPC,EQ
Narayana Hrudayalaya Ltd.,HEALTHCARE SERVICES,NH,EQ
National Aluminium Co. Ltd.,METALS,NATIONALUM,EQ
National Fertilizers Ltd.,FERTILISERS & PESTICIDES,NFL,EQ
Navin Fluorine International Ltd.,CHEMICALS,NAVINFLUOR,EQ
Nestle India Ltd.,CONSUMER GOODS,NESTLEIND,EQ
Network18 Media & Investments Ltd.,MEDIA ENTERTAINMENT & PUBLICATION,NETWORK18,EQ
Nilkamal Ltd.,INDUSTRIAL MANUFACTURING,NILKAMAL,EQ
Nippon Life India Asset Management Ltd.,FINANCIAL SERVICES,NAM-INDIA,EQ
Oberoi Realty Ltd.,CONSTRUCTION,OBEROIRLTY,EQ
Oil & Natural Gas Corporation Ltd.,OIL & GAS,ONGC,EQ
Oil India Ltd.,OIL & GAS,OIL,EQ
Oracle Financial Services Software Ltd.,IT,OFSS,EQ
Orient Electric Ltd.,CONSUMER GOODS,ORIENTELEC,EQ
PI Industries Ltd.,FERTILISERS & PESTICIDES,PIIND,EQ
PNB Housing Finance Ltd.,FINANCIAL SERVICES,PNBHOUSING,BE
PNC Infratech Ltd.,CONSTRUCTION,PNCINFRA,EQ
PVR Ltd.,MEDIA ENTERTAINMENT & PUBLICATION,PVR,EQ
Page Industries Ltd.,TEXTILES,PAGEIND,EQ
Persistent Systems Ltd.,IT,PERSISTENT,EQ
Petronet LNG Ltd.,OIL & GAS,PETRONET,EQ
Pfizer Ltd.,PHARMA,PFIZER,EQ
Phillips Carbon Black Ltd.,CHEMICALS,PHILIPCARB,EQ
Phoenix Mills Ltd.,CONSTRUCTION,PHOENIXLTD,EQ
Pidilite Industries Ltd.,CHEMICALS,PIDILITIND,EQ
Piramal Enterprises Ltd.,FINANCIAL SERVICES,PEL,EQ
Poly Medicure Ltd.,HEALTHCARE SERVICES,POLYMED,EQ
Polycab India Ltd.,INDUSTRIAL MANUFACTURING,POLYCAB,EQ
Polyplex Corporation Ltd.,INDUSTRIAL MANUFACTURING,POLYPLEX,EQ
Power Finance Corporation Ltd.,FINANCIAL SERVICES,PFC,EQ
Power Grid Corporation of India Ltd.,POWER,POWERGRID,EQ
Prestige Estates Projects Ltd.,CONSTRUCTION,PRESTIGE,EQ
Prince Pipes and Fittings Ltd.,INDUSTRIAL MANUFACTURING,PRINCEPIPE,EQ
Prism Johnson Ltd.,CEMENT & CEMENT PRODUCTS,PRSMJOHNSN,EQ
Procter & Gamble Health Ltd.,PHARMA,PGHL,EQ
Procter & Gamble Hygiene & Health Care Ltd.,CONSUMER GOODS,PGHH,EQ
Punjab National Bank,FINANCIAL SERVICES,PNB,EQ
Quess Corp Ltd.,SERVICES,QUESS,EQ
RBL Bank Ltd.,FINANCIAL SERVICES,RBLBANK,EQ
REC Ltd.,FINANCIAL SERVICES,RECLTD,EQ
RHI MAGNESITA INDIA LTD.,INDUSTRIAL MANUFACTURING,RHIM,EQ
RITES Ltd.,SERVICES,RITES,EQ
Radico Khaitan Ltd,CONSUMER GOODS,RADICO,EQ
Rail Vikas Nigam Ltd.,CONSTRUCTION,RVNL,EQ
Rain Industries Ltd,CHEMICALS,RAIN,EQ
Rajesh Exports Ltd.,CONSUMER GOODS,RAJESHEXPO,EQ
Rallis India Ltd.,FERTILISERS & PESTICIDES,RALLIS,EQ
Rashtriya Chemicals & Fertilizers Ltd.,FERTILISERS & PESTICIDES,RCF,EQ
Ratnamani Metals & Tubes Ltd.,METALS,RATNAMANI,EQ
Raymond Ltd.,TEXTILES,RAYMOND,EQ
Redington (India) Ltd.,SERVICES,REDINGTON,EQ
Relaxo Footwears Ltd.,CONSUMER GOODS,RELAXO,EQ
Reliance Industries Ltd.,OIL & GAS,RELIANCE,EQ
Responsive Industries Ltd.,CONSUMER GOODS,RESPONIND,EQ
Rossari Biotech Ltd.,CHEMICALS,ROSSARI,EQ
Route Mobile Ltd.,IT,ROUTE,EQ
SBI Cards and Payment Services Ltd.,FINANCIAL SERVICES,SBICARD,EQ
SBI Life Insurance Company Ltd.,FINANCIAL SERVICES,SBILIFE,EQ
SIS Ltd.,SERVICES,SIS,EQ
SJVN Ltd.,POWER,SJVN,EQ
SKF India Ltd.,INDUSTRIAL MANUFACTURING,SKFINDIA,EQ
SRF Ltd.,CHEMICALS,SRF,EQ
Sanofi India Ltd.,PHARMA,SANOFI,EQ
Schaeffler India Ltd.,INDUSTRIAL MANUFACTURING,SCHAEFFLER,EQ
Schneider Electric Infrastructure Ltd.,INDUSTRIAL MANUFACTURING,SCHNEIDER,EQ
Sequent Scientific Ltd.,PHARMA,SEQUENT,EQ
Sharda Cropchem Ltd.,FERTILISERS & PESTICIDES,SHARDACROP,EQ
Sheela Foam Ltd.,CONSUMER GOODS,SFL,EQ
Shilpa Medicare Ltd.,PHARMA,SHILPAMED,EQ
Shipping Corporation of India Ltd.,SERVICES,SCI,EQ
Shoppers Stop Ltd.,CONSUMER SERVICES,SHOPERSTOP,EQ
Shree Cement Ltd.,CEMENT & CEMENT PRODUCTS,SHREECEM,EQ
Shriram City Union Finance Ltd.,FINANCIAL SERVICES,SHRIRAMCIT,EQ
Shriram Transport Finance Co. Ltd.,FINANCIAL SERVICES,SRTRANSFIN,EQ
Siemens Ltd.,INDUSTRIAL MANUFACTURING,SIEMENS,EQ
Sobha Ltd.,CONSTRUCTION,SOBHA,EQ
Solar Industries India Ltd.,CHEMICALS,SOLARINDS,EQ
Solara Active Pharma Sciences Ltd.,PHARMA,SOLARA,EQ
Sonata Software Ltd.,IT,SONATSOFTW,EQ
Spandana Sphoorty Financial Ltd.,FINANCIAL SERVICES,SPANDANA,EQ
Spicejet Ltd.,SERVICES,SPICEJET,EQ
Star Cement Ltd.,CEMENT & CEMENT PRODUCTS,STARCEMENT,EQ
State Bank of India,FINANCIAL SERVICES,SBIN,EQ
Steel Authority of India Ltd.,METALS,SAIL,EQ
Sterling And Wilson Solar Ltd.,CONSTRUCTION,SWSOLAR,EQ
Sterlite Technologies Ltd.,TELECOM,STLTECH,EQ
Strides Pharma Science Ltd.,PHARMA,STAR,EQ
Sudarshan Chemical Industries Ltd.,CHEMICALS,SUDARSCHEM,EQ
Sumitomo Chemical India Ltd.,FERTILISERS & PESTICIDES,SUMICHEM,EQ
Sun Pharma Advanced Research Company Ltd.,PHARMA,SPARC,EQ
Sun Pharmaceutical Industries Ltd.,PHARMA,SUNPHARMA,EQ
Sun TV Network Ltd.,MEDIA ENTERTAINMENT & PUBLICATION,SUNTV,EQ
Sundaram Clayton Ltd.,AUTOMOBILE,SUNCLAYLTD,EQ
Sundaram Finance Ltd.,FINANCIAL SERVICES,SUNDARMFIN,EQ
Sundram Fasteners Ltd.,AUTOMOBILE,SUNDRMFAST,EQ
Sunteck Realty Ltd.,CONSTRUCTION,SUNTECK,EQ
Suprajit Engineering Ltd.,AUTOMOBILE,SUPRAJIT,EQ
Supreme Industries Ltd.,INDUSTRIAL MANUFACTURING,SUPREMEIND,EQ
Supreme Petrochem Ltd.,CHEMICALS,SUPPETRO,BE
Suven Pharmaceuticals Ltd.,PHARMA,SUVENPHAR,EQ
Suzlon Energy Ltd.,INDUSTRIAL MANUFACTURING,SUZLON,EQ
Swan Energy Ltd.,TEXTILES,SWANENERGY,EQ
Symphony Ltd.,CONSUMER GOODS,SYMPHONY,EQ
Syngene International Ltd.,HEALTHCARE SERVICES,SYNGENE,EQ
TCI Express Ltd.,SERVICES,TCIEXP,EQ
TCNS Clothing Co. Ltd.,TEXTILES,TCNSBRANDS,EQ
TTK Prestige Ltd.,CONSUMER GOODS,TTKPRESTIG,EQ
TV18 Broadcast Ltd.,MEDIA ENTERTAINMENT & PUBLICATION,TV18BRDCST,EQ
TVS Motor Company Ltd.,AUTOMOBILE,TVSMOTOR,EQ
Tanla Platforms Ltd.,IT,TANLA,BE
Tasty Bite Eatables Ltd.,CONSUMER GOODS,TASTYBITE,EQ
Tata Chemicals Ltd.,CHEMICALS,TATACHEM,EQ
Tata Coffee Ltd.,CONSUMER GOODS,TATACOFFEE,EQ
Tata Communications Ltd.,TELECOM,TATACOMM,EQ
Tata Consultancy Services Ltd.,IT,TCS,EQ
Tata Consumer Products Ltd.,CONSUMER GOODS,TATACONSUM,EQ
Tata Elxsi Ltd.,IT,TATAELXSI,EQ
Tata Investment Corporation Ltd.,FINANCIAL SERVICES,TATAINVEST,EQ
Tata Motors Ltd DVR,AUTOMOBILE,TATAMTRDVR,EQ
Tata Motors Ltd.,AUTOMOBILE,TATAMOTORS,EQ
Tata Power Co. Ltd.,POWER,TATAPOWER,EQ
Tata Steel Ltd.,METALS,TATASTEEL,EQ
Teamlease Services Ltd.,SERVICES,TEAMLEASE,EQ
Tech Mahindra Ltd.,IT,TECHM,EQ
The New India Assurance Company Ltd.,FINANCIAL SERVICES,NIACL,EQ
The Ramco Cements Ltd.,CEMENT & CEMENT PRODUCTS,RAMCOCEM,EQ
Thermax Ltd.,INDUSTRIAL MANUFACTURING,THERMAX,EQ
Thyrocare Technologies Ltd.,HEALTHCARE SERVICES,THYROCARE,EQ
Timken India Ltd.,INDUSTRIAL MANUFACTURING,TIMKEN,EQ
Titan Company Ltd.,CONSUMER GOODS,TITAN,EQ
Torrent Pharmaceuticals Ltd.,PHARMA,TORNTPHARM,EQ
Torrent Power Ltd.,POWER,TORNTPOWER,EQ
Trent Ltd.,CONSUMER SERVICES,TRENT,EQ
Trident Ltd.,TEXTILES,TRIDENT,EQ
Triveni Turbine Ltd.,INDUSTRIAL MANUFACTURING,TRITURBINE,EQ
Tube Investments of India Ltd.,AUTOMOBILE,TIINDIA,EQ
UCO Bank,FINANCIAL SERVICES,UCOBANK,EQ
UFLEX Ltd.,INDUSTRIAL MANUFACTURING,UFLEX,EQ
UPL Ltd.,FERTILISERS & PESTICIDES,UPL,EQ
UTI Asset Management Company Ltd.,FINANCIAL SERVICES,UTIAMC,EQ
Ujjivan Financial Services Ltd.,FINANCIAL SERVICES,UJJIVAN,EQ
Ujjivan Small Finance Bank Ltd.,FINANCIAL SERVICES,UJJIVANSFB,EQ
UltraTech Cement Ltd.,CEMENT & CEMENT PRODUCTS,ULTRACEMCO,EQ
Union Bank of India,FINANCIAL SERVICES,UNIONBANK,EQ
United Breweries Ltd.,CONSUMER GOODS,UBL,EQ
United Spirits Ltd.,CONSUMER GOODS,MCDOWELL-N,EQ
V-Guard Industries Ltd.,CONSUMER GOODS,VGUARD,EQ
V-Mart Retail Ltd.,CONSUMER SERVICES,VMART,EQ
V.I.P. Industries Ltd.,CONSUMER GOODS,VIPIND,EQ
VST Industries Ltd.,CONSUMER GOODS,VSTIND,EQ
Vaibhav Global Ltd.,CONSUMER SERVICES,VAIBHAVGBL,EQ
Vakrangee Ltd.,IT,VAKRANGEE,EQ
Valiant Organics Ltd.,CHEMICALS,VALIANTORG,EQ
Vardhman Textiles Ltd.,TEXTILES,VTL,EQ
Varroc Engineering Ltd.,AUTOMOBILE,VARROC,EQ
Varun Beverages Ltd.,CONSUMER GOODS,VBL,EQ
Vedanta Ltd.,METALS,VEDL,EQ
Venky's (India) Ltd.,CONSUMER GOODS,VENKEYS,EQ
Vinati Organics Ltd.,CHEMICALS,VINATIORGA,EQ
Vodafone Idea Ltd.,TELECOM,IDEA,EQ
Voltas Ltd.,CONSUMER GOODS,VOLTAS,EQ
WABCO India Ltd.,AUTOMOBILE,WABCOINDIA,EQ
Welspun Corp Ltd.,METALS,WELCORP,EQ
Welspun India Ltd.,TEXTILES,WELSPUNIND,EQ
Westlife Development Ltd.,CONSUMER SERVICES,WESTLIFE,EQ
Whirlpool of India Ltd.,CONSUMER GOODS,WHIRLPOOL,EQ
Wipro Ltd.,IT,WIPRO,EQ
Wockhardt Ltd.,PHARMA,WOCKPHARMA,EQ
Yes Bank Ltd.,FINANCIAL SERVICES,YESBANK,EQ
Zee Entertainment Enterprises Ltd.,MEDIA ENTERTAINMENT & PUBLICATION,ZEEL,EQ
Zensar Technolgies Ltd.,IT,ZENSARTECH,EQ
Zydus Wellness Ltd.,CONSUMER GOODS,ZYDUSWELL,EQ
eClerx Services Ltd.,IT,ECLERX,BE
